{"cameraMode":{"drawMode":0,"name":"Shaded","section":"Shading Mode"},"sceneLighting":true,"audioPlay":false,"sceneViewState":{"showFog":true,"showMaterialUpdate":true,"showSkybox":true,"showFlares":true,"showImageEffects":true,"showParticleSystems":true},"in2DMode":false,"pivot":{"x":-0.07061481475830078,"y":-0.4585520029067993,"z":0.216575026512146},"rotation":{"x":-0.16236434876918794,"y":0.8128982782363892,"z":-0.2692142724990845,"w":-0.49026304483413699},"size":2.8578836917877199,"orthographic":false}